,id,name,popularity
0,1UlnDZ5ubsSX3xrXu063dZ,Intro: 2 Cool 4 Skool,51
1,5pjHS3EpHurMyIpB2QBnEd,We Are Bulletproof Pt.2,65
2,4Ut6UU8Yyihz1jCZWSCQpu,Skit: Circle Room Talk,44
3,089PFeXotzDLNQz9NCk6pF,No More Dream,66
4,2QVXLAI2Io3tDmhFOSumr0,Interlude,51
5,55Ctj6nVfobn9AcPe6sLG2,Like,74
6,1GPIdEcxPjPIYGmN08b1yf,Outro: Circle Room Cypher,47
7,3FdanLGasOj37Xi316GfZ4,"Intro: O!RUL8,2?",51
8,7JosxtkCqIQieNWXA2Dj3v,N.O,60
9,29vOLabxvytbI8fX9xgTaD,We On,56
10,53XrsilgguJmmsEtDsj0yY,Skit: R U Happy Now?,43
11,4bLtrrVDspeDNSaHGGMQkB,If I Ruled the World,56
12,4eqHEzFsCCiGALC1MHbqnU,Coffee,65
13,3KkbZok84es6JqI5aiLj1g,BTS Cypher Pt.1,53
14,06PapYCtVDlprJPgGELabn,Attack on Bangtan,61
15,3VlYMpSmYooLpzLiRBBfbX,Paldogangsan,54
16,2ZiVvIvwAwNRL4dUO3TaF6,Outro: Luv in Skool,55
17,7vG0yTvfZZtQ4DoSyy5a61,Intro: Skool Luv Affair,53
18,3FnDv33WrrMtuEr7hNR3ev,Boy in Luv,68
19,0hukH4ZKPofZVmfTcEnLHN,Skit: Soulmate,45
20,0nZaV8LwxHeg8TqFy193IL,Where You From,55
21,6t7WriKgVszATnrdBKSUAf,Just One Day,70
22,0JkTVcN5kilfMztDb3bKZk,Tomorrow,61
23,41eoHn3yTDYMV9hFn50ef4,BTS Cypher Pt.2: Triptych,57
24,0F3Dpp18yIxIm7XRmn0LBj,Spine Breaker,64
25,1jZZm43y7RPuwjJQ5LrGHe,Jump,67
26,3x0SuB95K0XewiAKwNEiMZ,Outro: Propose,56
27,1ht2uYq91yLc9S6IxwiwCK,Miss Right,59
28,5OXUwFDCnmT3eUWUYVRrk9,Like - Slow Jam Remix,52
29,5heidJi9Gni0QHhXStoimY,Intro: Skool Luv Affair,38
30,1wdWWC1YzKkCWp06e0IPqH,Boy in Luv,47
31,7gP8B9DHYnZ7AynrVdhYbZ,Skit: Soulmate,36
32,6gGCS5r2t5uxaeBWAPeBp2,Where You From,40
33,5oXLcjfVfq0QxIfgIHgYGn,Just One Day,48
34,1LdpcTZm0Of4Nq0FsbREKO,Tomorrow,42
35,1EzaBJk1rcT3ukKRPko1s4,BTS Cypher Pt.2: Triptych,40
36,1srYOWykolKZnA6SAN1GiA,Spine Breaker,44
37,6bv8GUc337blg2QcskhdAJ,Jump,44
38,7EW03rmUEfPIFSxuzZQsgA,Outro: Propose,43
39,3HhgGvmDKx13uRTkXYfcDw,Intro: What Am I to You,56
40,0zzRxtfO5FGxKdqq4OKmlw,Danger,68
41,29SjtKzBoJDgyIBusHylIS,War of Hormone,64
42,4c9XojqJDu7KNCh8GmNbj5,Hip Hop Phile,59
43,2uqzfXB7NlBnhQd04W7HaH,Let Me Know,60
44,6Jr2GutTFyfvAzGA36R2Uj,Rain,62
45,5OlieB5VdsOMuBuCtllXGW,BTS Cypher Pt.3: Killer,62
46,6w5nte2isfv5QLImckFD8a,Interlude: What Are You Doing Now,56
47,022wInIMcMtWRqkcpy7WwO,Could You Turn off Your Cell Phone,57
48,3eSPLTR9JtKiT1X4sAkTg8,Embarrassed,59
49,17SBD4aDKo9ZeahcQJ6j72,24/7=Heaven,59
50,0x4cMbCLC6L7aJQs3EiPaZ,Look Here,63
51,5EdwOTiD4Vz7xEoB7jt8En,So 4 more,60
52,0I4CicY6MftmDgdd76LXss,Outro: Do You Think It Makes Sense?,58
53,7HhZAKSvFWz4bT5jsZLPeq,Intro: The Most Beautiful Moment in Life,53
54,3wQnyXNFXNUEOBt1pb4urq,I Need U,70
55,2SKBwYW23iHoB7CrYSeyC9,Hold Me Tight,65
56,2giNwwft9s8E5Or8N0olgc,Skit: Expectation!,42
57,7jPCPDYoiaKeK7cgNGpIzq,Dope,71
58,1sz4drpDPpHVrPUgnXGaNn,Boyz with Fun,66
59,6ZITsss1URNOIKhniylpBP,Converse High,62
60,0jo4304s0u51JHHCv7it9K,Moving On,58
61,0hwev90tfswBoZmgKnJ9F8,Outro: Love Is Not Over,56
62,6JbPyMiLnWaaKusic64bCq,Intro: Never Mind,54
63,3G1aAxWS2Nd17FQs4PWV6X,Run,68
64,3bjg5cbmuwDoS7e2dAWyRG,Butterfly,70
65,1otHp4s8IRCLn1JZcVrNhz,Whalien 52,61
66,2wm3oZ5IzWz5tVyo3gFIJq,Ma City,61
67,6O734u9qnz6B4gWMyszWhi,Silver Spoon,72
68,0DaHIESJEC4d0RRpwbgcau,Skit: One Night in a Strange City,42
69,158kubraiqKrcYpRsDHrBU,Autumn Leaves,64
70,2cy3eWaTBoOFJwtFMR6jKb,Outro: House of Cards,57
71,2C4AmTAKoJQgfMDXFasXcY,Intro: The Most Beautiful Moment in Life,44
72,6EWoLZ6n26bF3Cl9Hq3pqv,I Need U,54
73,7gnIQ7K1TBbIvhVrR4c4gI,Hold Me Tight,48
74,0S6rA2IKknGGsyZNEkwRJB,Autumn Leaves,47
75,0XwvxY5yMRI7vh55eBRe3B,Butterfly - Prologue Mix,56
76,0RElgFnZjIZ0hLlO4WY14R,Run,51
77,612T32kWgsXgsJ5gl8KXpN,Ma City,47
78,5PRJlVG1c2JNa85mFoGARM,Silver Spoon,53
79,4o3Ao6wY5fbJR32fQKabfQ,Dope,54
80,0aE3V0zgSD2YwkEHW42gxG,Burning Up (Fire),72
81,7bxGcILuAjkZzaveU28ZJS,Save Me,71
82,6BskTMfDjXVzeqQHOau5Vi,Epilogue: Young Forever,66
83,4XtvJ78i5yI5QigVHuxWZt,Converse High,47
84,7j8YcE2SKZoLkeLL0qMvkH,Moving On,44
85,2HMVg8AqrijDGKu0U5bVNH,Whalien 52,45
86,2QP1vvLPtAVOVAFabpqypA,Butterfly,47
87,6S2gYweMmT6xygVh5q3QLa,House of Cards - Full Length Edition,68
88,12MGUs7yIus6sU09ekZMjw,Love Is Not Over - Full Length Edition,60
89,0avGJHXsqHQfFloHTCbcwb,I Need U - Urban Mix,51
90,4pzjU0AnZa6Vfphk292e9Q,I Need U - Remix,46
91,4NNpKLaoOEeYi78vQDb3lB,Run - Ballad Mix,52
92,4ou8XX6AM0XFVjWFuzllWP,Run - Alternative Mix,46
93,0G0UoEFLum7ZPJxbmMbhPf,Butterfly - Alternative Mix,47
94,1hlT8F0X27uf3fpOWawjbY,Intro: Boy Meets Evil,62
95,2u54HNQamwFuOMLSuhSRom,Blood Sweat & Tears,75
96,0bGJHUPR6ems9tzIljlPFR,Begin,66
97,1nWB8isqs2tviWk20G5pow,Lie,71
98,3LTwMQ9kkn5VVhP3jipBlR,Stigma,67
99,1UeVC9gDeHxwlWOQyQJerj,First Love,59
100,6O7358UPKsUumzjumFxVtp,Reflection,57
101,51hIGgLnT8s6gEzjVqKlEF,MAMA,59
102,3gxNkvcP8scSzL6mGznTn3,Awake,66
103,2So2zLatKtnIP0cy3a4Fn0,Lost,63
104,4cTSnpyaIR1qGaTOLJunDM,BTS Cypher 4,67
105,7BFVLQASwcGrxEPsz1teIW,Am I Wrong,59
106,52d5NT69mkmr6WzvQJ9vHr,21st Century Girl,67
107,3KVOfGrYVjoP1w8T2HVltm,2! 3!,64
108,6dNOlenVY8vp29pkMZOd7c,Interlude: Wings,59
109,2j9ipQhjMruvvqN2azJgtF,Intro: Boy Meets Evil,49
110,0Yqr9qtmhjYPUtsFB04g9R,Blood Sweat & Tears,53
111,0Q2rXWKozTyewEaVUkFhmA,Begin,46
112,66N38jZOApS3dGhy8ijBVV,Lie,50
113,5grRCOfgYUpsGHsDHl4K1Y,Stigma,50
114,474dlSQ6pirpzcSf58cZOF,First Love,44
115,7MtCKC1shCaN0eaZoEd8yF,Reflection,43
116,25TIeoVFG1QKdMppHdjNq0,MAMA,44
117,1GZ4rjIbktlYy1n7zmyCmq,Awake,47
118,6aDhj6RxOvQ4GFo9U7lZYi,Lost,46
119,5tLC6mhPAWJ2s2Wr4A6qHX,BTS Cypher 4,45
120,6u6d06X2GzZ9AjPrh14MJH,Am I Wrong,43
121,6GxNA9J3P70amAXKUPghid,21st Century Girl,45
122,0G1Y5QG8wULxMzm45vqPIZ,2! 3!,46
123,2j1fFjWHCI9KJSwcuYAOyF,Spring Day,75
124,3wyrhwPpV8uhMMEms4vG3X,Not Today,70
125,7kyUapJyppdjzoAWB6XS14,Outro: Wings,69
126,2ZbYyDM0pacTwP2odNsdlo,A Supplementary Story: You Never Walk Alone,60
127,61RvEx7GLYRHQhG7ldjJo1,Intro: Serendipity,66
128,3uRLwBjI2TahxslcMTvpFs,DNA,75
129,5C6A1WXVfKvBBQmaFFnBgs,Best Of Me,70
130,6pp6xf9zS55GD4nr318XUH,dimple,72
131,1ZPeaPDjQOOC8hw1mNjyjF,Pied Piper,75
132,6OeYM2861GaP3D1pbBqmbp,Skit: Billboard Music Awards Speech,49
133,4gZGAVECoiutzp64KSHNjE,MIC Drop,67
134,5vOT8VO87TAnUjh0oADwb1,Go Go,72
135,559U79ujLJSP6OUyH2nGLl,Outro: Her,60
136,5rNZsITjXf23iFkRA924FV,Intro: Singularity,69
137,6m1TWFMeon7ai9XLOzdbiR,FAKE LOVE,77
138,7DEKa5Z7Cl8s3Y7imb88OM,The Truth Untold (feat. Steve Aoki),72
139,1MX0g22bQkr9HDVe37fLnN,134340,67
140,1YO4xJXhh9A1Feg9k8xuy2,Paradise,67
141,4ROdFnoZNn2RTmwct0cVpx,Love Maze,72
142,5MTGPkmiUuud9NkA0sl2nI,Magic Shop,73
143,4lAE47gj539h8R1yxPhhGG,Airplane pt.2,73
144,34OSqW5ULWxmCEMjJ1ZgVW,Anpanman,72
145,0wqqe8k13bJPxRt7FEmnwS,So What,70
146,27yKZtF7WLdmlLoW8qMssq,Outro: Tear,65
147,5YMXGBD6vcYP7IolemyLtK,Euphoria,78
148,4YDHRtzm0OGuieCTVQjVuk,Trivia 起 : Just Dance,64
149,1dS4l6xmdgEhCZTAhdOm4N,Serendipity - Full Length Edition,73
150,2ngmiq1KoYn3x25VOmvd8F,DNA,59
151,1rLkzFZdokhx6Wcs80uvnw,Dimple,59
152,6bSwpQYEguyMlkCoWiBt3Y,Trivia 承 : Love,64
153,6FHVHycPPTQp6aAHjLhzFT,Her,53
154,2ApfJvLr7RbhJl6NOVhEu6,Singularity,60
155,6a0gRYXKK0YU69cXaB2RrK,FAKE LOVE,58
156,4eP8Syl3aBEQw3Jy5Bhq0D,The Truth Untold,57
157,0mZI1NpihIVcho2f9MmqSW,Trivia 轉 : Seesaw,70
158,3smbno1dKL410vC27M5KOS,Tear,53
159,6L88EH68XwlaXwvChlTS41,Epiphany,72
160,7HYJqAMbKDJYRyEfUGOCBB,I'm Fine,69
161,1e8J3XClxZbFmvIHLI8CE4,IDOL,75
162,2X3UgVLSA4wYriGIQyYmMA,Answer : Love Myself,70
163,37nOpaUof3d4Xsmr6moAiI,Magic Shop,58
164,3xYfDSxJhRLDIb1fw71WTw,Best Of Me,54
165,60nwvOMLA1uzLHz3CLp4Na,Airplane pt.2,56
166,4kZoZfj7IBg8eo1JZ2vsGO,Go Go,57
167,453W8V5Ynwn6Tr28KuOwsO,Anpanman,56
168,0nUftNWYvNCWnjiyeujCR8,MIC Drop,55
169,0RFxljd297sk7sKm5ZDD5J,DNA - Pedal 2 LA Mix,53
170,1WjGvMbHE23jEipydV80Mu,FAKE LOVE - Rocking Vibe Mix,58
171,01380RE6UfsPSdiUIwrCoH,MIC Drop (Steve Aoki Remix) - Full Length Edition,73
172,2GXWzWPsYlTZcvVW8JIu69,Intro : Persona,64
173,4a9tbd947vo9K8Vti9JwcI,Boy With Luv (feat. Halsey),81
174,0jSccBRnhNU4KtACMQPvco,Mikrokosmos,73
175,3LSjYk6sFQaLi0MjtWcm8P,Make It Right,71
176,6Yc3tjFCVR2bfAQFRTZBef,HOME,75
177,7cgWWkpUaS94xoWI8lMGiI,Jamais Vu,68
178,2Wkm4JBcIV2uSuu4qlbqFN,Dionysus,70
179,7incJHhOl108CJBxylqc1z,Intro : Persona,52
180,7lrqvdivAYRGEiO8JFP31G,Boy With Luv (Feat. Halsey),59
181,30YLyzfEjMQsXj4ZFslAmT,Make It Right,56
182,0PpNBEXkjalflGCMMsBV5B,Jamais Vu,54
183,5LvqzuJCNpi2pNkJAX8mBT,Dionysus,56
184,7om4LRoSct9hiMPo0fPn7m,Interlude : Shadow,67
185,2EmcTFQ1rM11wp2ztsXTHa,Black Swan,75
186,4bZZVcgWWMWPBwzTTp642w,Filter,78
187,0YJFlxeHMUr9MxSDQVuQJA,My Time,73
188,4Aw8n6r2vuU0KUo1a2nftp,Louder than bombs,71
189,0fZRNhPJ4AGmwY7rkpdbqK,ON,76
190,2QZe2H1f03t5PJWEMg2Mbe,UGH!,69
191,6fqaMyg066xlukvUJWdM2T,00:00 (Zero O’Clock),72
192,25MHcbjvSdcfTiFgbKJiZF,Inner Child,70
193,5RjUtRlDonw3TBgGGMLC5b,Friends,73
194,6KhAXXgDtEEahVzATvFNcn,Moon,71
195,2yKBnKOmPXePrbHqRv42r4,Respect,64
196,133ocfbXXG4HTk76qgSeUb,We are Bulletproof : the Eternal,72
197,2LVw2bIK99go1NdD77dUCW,Outro : Ego,68
198,4JWbH50WabthGhmtduR8b9,ON (Feat. Sia),61
199,5FVbvttjEvQ8r2BgUcJgNg,Life Goes On,79
200,1NHl9g36Ebu3g16y0vtUNV,Fly To My Room,70
201,7Ki0hse0IfXEcXUlpyECbJ,Blue & Grey,74
202,16SFlxZd0oH4YA7KvCQlsG,Skit,53
203,6Fnvi5QnVkTskSzeRvvQds,Telepathy,73
204,0hxeouHqP3qzpTHerA7ha2,Dis-ease,71
205,0TdWVbcerMAcvljXrl9gpG,Stay,71
206,5QDLhrAOJJdNAmCTJ8xMyW,Dynamite,85
207,72IwoG8tqvIWV10IHjpNNA,Dynamite,59
208,0V2wvC5MkDjMZyFttv8sZF,Dynamite - Instrumental,44
209,083PvB3ID4h3jiGJ1GbbPA,Dynamite - Acoustic Remix,49
210,0GIfKnZxlWAtX7P3b8PYyP,Dynamite - EDM Remix,45
211,3u4igxLGmXBu1eiQjawtoe,Dynamite - Tropical Remix,52
212,087YUEkmOGciKOflc5sQE6,Dynamite - Poolside Remix,43
213,72wqLtMtkrB0qUw6jSqM0Z,Dynamite,60
214,2sST8al9ONECpQzAV4E4TW,Dynamite - Instrumental,29
215,3adJ5vW78N4lpm4DzbCt6d,Dynamite - Slow Jam Remix,45
216,7MRdjWiq6wu1bFqlnqve5q,Dynamite - Midnight Remix,40
217,46cgcwt80u5CaiqHu361UH,Dynamite - Retro Remix,42
218,70hNTQkU4hogweDWeMLaWT,Dynamite - Bedroom Remix,42
219,1mWdTewIgB3gtBM3TOSFhB,Butter,86
220,2uuWT347cQG0fRkrgAZ5KQ,Butter - Hotter Remix,61
221,4RCf2OBsZfbMeGNXY872aE,Butter - Sweeter Remix,59
222,7zOpZlwRK74a1nuszDZ5ZQ,Butter - Cooler Remix,60
223,4vNAtmfodHh3Q861erXhok,Butter - Instrumental,51
